<?xml version="1.0" encoding="UTF-8" standalone="no"?>
<catalog xmlns="urn:oasis:names:tc:entity:xmlns:xml:catalog" prefer="system">
    <system systemId="file:/home/youthzu/Documents/BGPOINT/Colloqui_Sample_20200714/Schemi/wsdl/BBOperationService.wsdl" uri="wsdl/BBOperationService.wsdl"/>
    <system systemId="file:/home/youthzu/Documents/BGPOINT/Colloqui_Sample_20200714/Schemi/xsd/wz/exception/WZApplicationException.xsd" uri="xsd/wz/exception/WZApplicationException.xsd"/>
    <system systemId="file:/home/youthzu/Documents/BGPOINT/Colloqui_Sample_20200714/Schemi/xsd/ba/csegdfweb/BBOperationService.xsd" uri="xsd/ba/csegdfweb/BBOperationService.xsd"/>
    <system systemId="file:/home/youthzu/Documents/BGPOINT/Colloqui_Sample_20200714/Schemi/xsd/ba/csecommonweb/bo.common.nsc.csebo.it.xsd" uri="xsd/ba/csecommonweb/bo.common.nsc.csebo.it.xsd"/>
    <system systemId="file:/home/youthzu/Documents/BGPOINT/Colloqui_Sample_20200714/Schemi/xsd/ba/csebabbkcweb/bo.kc.nsc.csebo.it.xsd" uri="xsd/ba/csebabbkcweb/bo.kc.nsc.csebo.it.xsd"/>
    <system systemId="file:/home/youthzu/Documents/BGPOINT/Colloqui_Sample_20200714/Schemi/xsd/ba/csebabbdrweb/bo.dr.nsc.csebo.it.xsd" uri="xsd/ba/csebabbdrweb/bo.dr.nsc.csebo.it.xsd"/>
    <system systemId="file:/home/youthzu/Documents/BGPOINT/Colloqui_Sample_20200714/Schemi/xsd/ba/csebabbgiweb/bo.gi.nsc.csebo.it.xsd" uri="xsd/ba/csebabbgiweb/bo.gi.nsc.csebo.it.xsd"/>
    <system systemId="file:/home/youthzu/Documents/BGPOINT/Colloqui_Sample_20200714/Schemi/xsd/ba/csebabbboweb/bo.bo.nsc.csebo.it.xsd" uri="xsd/ba/csebabbboweb/bo.bo.nsc.csebo.it.xsd"/>
    <system systemId="file:/home/youthzu/Documents/BGPOINT/Colloqui_Sample_20200714/Schemi/xsd/ba/csebabbeeweb/ezw.xsd" uri="xsd/ba/csebabbeeweb/ezw.xsd"/>
    <system systemId="file:/home/youthzu/Documents/BGPOINT/Colloqui_Sample_20200714/Schemi/xsd/ba/csebabbbaweb/FastBankOperazioni.xsd" uri="xsd/ba/csebabbbaweb/FastBankOperazioni.xsd"/>
    <system systemId="file:/home/youthzu/Documents/BGPOINT/Colloqui_Sample_20200714/Schemi/xsd/ba/csebabbsfweb/sf6.xsd" uri="xsd/ba/csebabbsfweb/sf6.xsd"/>
    <system systemId="file:/home/youthzu/Documents/BGPOINT/Colloqui_Sample_20200714/Schemi/xsd/ba/csebabbsfweb/sf5.xsd" uri="xsd/ba/csebabbsfweb/sf5.xsd"/>
    <system systemId="file:/home/youthzu/Documents/BGPOINT/Colloqui_Sample_20200714/Schemi/xsd/ba/csebabbagweb/bo.ag.nsc.csebo.it.xsd" uri="xsd/ba/csebabbagweb/bo.ag.nsc.csebo.it.xsd"/>
    <system systemId="file:/home/youthzu/Documents/BGPOINT/Colloqui_Sample_20200714/Schemi/xsd/ba/csebabbz3web/bo.z3.nsc.csebo.it.xsd" uri="xsd/ba/csebabbz3web/bo.z3.nsc.csebo.it.xsd"/>
    <system systemId="file:/home/youthzu/Documents/BGPOINT/Colloqui_Sample_20200714/Schemi/xsd/ba/csebabbdgweb/dgcwx001T.xsd" uri="xsd/ba/csebabbdgweb/dgcwx001T.xsd"/>
    <system systemId="file:/home/youthzu/Documents/BGPOINT/Colloqui_Sample_20200714/Schemi/xsd/$cse/$common/$cseNS.xsd" uri="xsd/$cse/$common/$cseNS.xsd"/>
    <system systemId="file:/home/youthzu/Documents/BGPOINT/Colloqui_Sample_20200714/Schemi/xsd/ee/$eeNS.xsd" uri="xsd/ee/$eeNS.xsd"/>
    <system systemId="file:/home/youthzu/Documents/BGPOINT/Colloqui_Sample_20200714/Schemi/xsd/$cse/sr/$srNS.xsd" uri="xsd/$cse/sr/$srNS.xsd"/>
    <system systemId="file:/home/youthzu/Documents/BGPOINT/Colloqui_Sample_20200714/Schemi/xsd/ssb/comuni/testata.xsd" uri="xsd/ssb/comuni/testata.xsd"/>
    <system systemId="file:/home/youthzu/Documents/BGPOINT/Colloqui_Sample_20200714/Schemi/xsd/ssb/servizi/carteServizi.xsd" uri="xsd/ssb/servizi/carteServizi.xsd"/>
    <system systemId="file:/home/youthzu/Documents/BGPOINT/Colloqui_Sample_20200714/Schemi/xsd/ssb/servizi/ricariche.xsd" uri="xsd/ssb/servizi/ricariche.xsd"/>
    <system systemId="file:/home/youthzu/Documents/BGPOINT/Colloqui_Sample_20200714/Schemi/xsd/ssb/servizi/bollettinipostali.xsd" uri="xsd/ssb/servizi/bollettinipostali.xsd"/>
    <system systemId="file:/home/youthzu/Documents/BGPOINT/Colloqui_Sample_20200714/Schemi/xsd/ssb/servizi/canoneTV.xsd" uri="xsd/ssb/servizi/canoneTV.xsd"/>
    <system systemId="file:/home/youthzu/Documents/BGPOINT/Colloqui_Sample_20200714/Schemi/xsd/ssb/servizi/bolloaci.xsd" uri="xsd/ssb/servizi/bolloaci.xsd"/>
    <system systemId="file:/home/youthzu/Documents/BGPOINT/Colloqui_Sample_20200714/Schemi/xsd/ssb/servizi/cbill.xsd" uri="xsd/ssb/servizi/cbill.xsd"/>
    <system systemId="file:/home/youthzu/Documents/BGPOINT/Colloqui_Sample_20200714/Schemi/xsd/$cse/ag/$agNS.xsd" uri="xsd/$cse/ag/$agNS.xsd"/>
    <system systemId="file:/home/youthzu/Documents/BGPOINT/Colloqui_Sample_20200714/Schemi/xsd/sf/$sfNS.xsd" uri="xsd/sf/$sfNS.xsd"/>
    <system systemId="file:/home/youthzu/Documents/BGPOINT/Colloqui_Sample_20200714/Schemi/xsd/$cse/tt/$ttNS.xsd" uri="xsd/$cse/tt/$ttNS.xsd"/>
    <system systemId="file:/home/youthzu/Documents/BGPOINT/Colloqui_Sample_20200714/Schemi/xsd/$cse/z3/$z3NS.xsd" uri="xsd/$cse/z3/$z3NS.xsd"/>
    <system systemId="file:/home/youthzu/Documents/BGPOINT/Colloqui_Sample_20200714/Schemi/xsd/dg/$dgNS.xsd" uri="xsd/dg/$dgNS.xsd"/>
    <system systemId="file:/home/youthzu/Documents/BGPOINT/Colloqui_Sample_20200714/Schemi/xsd/dg/delegaT.xsd" uri="xsd/dg/delegaT.xsd"/>
    <system systemId="file:/home/youthzu/Documents/BGPOINT/Colloqui_Sample_20200714/Schemi/xsd/$cse/ee/$eeNS.xsd" uri="xsd/$cse/ee/$eeNS.xsd"/>
    <system systemId="file:/home/youthzu/Documents/BGPOINT/Colloqui_Sample_20200714/Schemi/xsd/ssb/servizi/cartaservizi/FastBankVerificaUtenzaRichiesta.xsd" uri="xsd/ssb/servizi/cartaservizi/FastBankVerificaUtenzaRichiesta.xsd"/>
    <system systemId="file:/home/youthzu/Documents/BGPOINT/Colloqui_Sample_20200714/Schemi/xsd/ssb/servizi/cartaservizi/FastBankVerificaUtenzaRisposta.xsd" uri="xsd/ssb/servizi/cartaservizi/FastBankVerificaUtenzaRisposta.xsd"/>
    <system systemId="file:/home/youthzu/Documents/BGPOINT/Colloqui_Sample_20200714/Schemi/xsd/ssb/servizi/cartaservizi/FastBankEseguiOperazioneRichiesta.xsd" uri="xsd/ssb/servizi/cartaservizi/FastBankEseguiOperazioneRichiesta.xsd"/>
    <system systemId="file:/home/youthzu/Documents/BGPOINT/Colloqui_Sample_20200714/Schemi/xsd/ssb/servizi/ricarica/FastBankVerificaUtenzaRichiesta.xsd" uri="xsd/ssb/servizi/ricarica/FastBankVerificaUtenzaRichiesta.xsd"/>
    <system systemId="file:/home/youthzu/Documents/BGPOINT/Colloqui_Sample_20200714/Schemi/xsd/ssb/servizi/ricarica/FastBankVerificaUtenzaRisposta.xsd" uri="xsd/ssb/servizi/ricarica/FastBankVerificaUtenzaRisposta.xsd"/>
    <system systemId="file:/home/youthzu/Documents/BGPOINT/Colloqui_Sample_20200714/Schemi/xsd/ssb/servizi/ricarica/FastBankEseguiOperazioneRichiesta.xsd" uri="xsd/ssb/servizi/ricarica/FastBankEseguiOperazioneRichiesta.xsd"/>
    <system systemId="file:/home/youthzu/Documents/BGPOINT/Colloqui_Sample_20200714/Schemi/xsd/ssb/servizi/bollettinipostali/FastBankVerificaUtenzaRichiesta.xsd" uri="xsd/ssb/servizi/bollettinipostali/FastBankVerificaUtenzaRichiesta.xsd"/>
    <system systemId="file:/home/youthzu/Documents/BGPOINT/Colloqui_Sample_20200714/Schemi/xsd/ssb/servizi/bollettinipostali/FastBankVerificaUtenzaRisposta.xsd" uri="xsd/ssb/servizi/bollettinipostali/FastBankVerificaUtenzaRisposta.xsd"/>
    <system systemId="file:/home/youthzu/Documents/BGPOINT/Colloqui_Sample_20200714/Schemi/xsd/ssb/servizi/bollettinipostali/FastBankEseguiOperazioneRichiesta.xsd" uri="xsd/ssb/servizi/bollettinipostali/FastBankEseguiOperazioneRichiesta.xsd"/>
    <system systemId="file:/home/youthzu/Documents/BGPOINT/Colloqui_Sample_20200714/Schemi/xsd/ssb/servizi/bollettinipostali/FastBankEseguiOperazioneRisposta.xsd" uri="xsd/ssb/servizi/bollettinipostali/FastBankEseguiOperazioneRisposta.xsd"/>
    <system systemId="file:/home/youthzu/Documents/BGPOINT/Colloqui_Sample_20200714/Schemi/xsd/ssb/servizi/canoneTV/FastBankVerificaUtenzaRichiesta.xsd" uri="xsd/ssb/servizi/canoneTV/FastBankVerificaUtenzaRichiesta.xsd"/>
    <system systemId="file:/home/youthzu/Documents/BGPOINT/Colloqui_Sample_20200714/Schemi/xsd/ssb/servizi/canoneTV/FastBankVerificaUtenzaRisposta.xsd" uri="xsd/ssb/servizi/canoneTV/FastBankVerificaUtenzaRisposta.xsd"/>
    <system systemId="file:/home/youthzu/Documents/BGPOINT/Colloqui_Sample_20200714/Schemi/xsd/ssb/servizi/canoneTV/FastBankEseguiOperazioneRichiesta.xsd" uri="xsd/ssb/servizi/canoneTV/FastBankEseguiOperazioneRichiesta.xsd"/>
    <system systemId="file:/home/youthzu/Documents/BGPOINT/Colloqui_Sample_20200714/Schemi/xsd/ssb/servizi/bolloaci/FastBankVerificaUtenzaRichiesta.xsd" uri="xsd/ssb/servizi/bolloaci/FastBankVerificaUtenzaRichiesta.xsd"/>
    <system systemId="file:/home/youthzu/Documents/BGPOINT/Colloqui_Sample_20200714/Schemi/xsd/ssb/servizi/bolloaci/FastBankVerificaUtenzaRisposta.xsd" uri="xsd/ssb/servizi/bolloaci/FastBankVerificaUtenzaRisposta.xsd"/>
    <system systemId="file:/home/youthzu/Documents/BGPOINT/Colloqui_Sample_20200714/Schemi/xsd/ssb/servizi/bolloaci/FastBankEseguiOperazioneRichiesta.xsd" uri="xsd/ssb/servizi/bolloaci/FastBankEseguiOperazioneRichiesta.xsd"/>
    <system systemId="file:/home/youthzu/Documents/BGPOINT/Colloqui_Sample_20200714/Schemi/xsd/ssb/servizi/bolloaci/FastBankEseguiOperazioneRisposta.xsd" uri="xsd/ssb/servizi/bolloaci/FastBankEseguiOperazioneRisposta.xsd"/>
    <system systemId="file:/home/youthzu/Documents/BGPOINT/Colloqui_Sample_20200714/Schemi/xsd/ssb/servizi/cbill/FastBankScadenziarioCBILLRichiesta.xsd" uri="xsd/ssb/servizi/cbill/FastBankScadenziarioCBILLRichiesta.xsd"/>
    <system systemId="file:/home/youthzu/Documents/BGPOINT/Colloqui_Sample_20200714/Schemi/xsd/ssb/servizi/cbill/FastBankScadenziarioCBILLRisposta.xsd" uri="xsd/ssb/servizi/cbill/FastBankScadenziarioCBILLRisposta.xsd"/>
    <system systemId="file:/home/youthzu/Documents/BGPOINT/Colloqui_Sample_20200714/Schemi/xsd/ssb/servizi/cbill/FastBankVerificaUtenzaRichiesta.xsd" uri="xsd/ssb/servizi/cbill/FastBankVerificaUtenzaRichiesta.xsd"/>
    <system systemId="file:/home/youthzu/Documents/BGPOINT/Colloqui_Sample_20200714/Schemi/xsd/ssb/servizi/cbill/FastBankEseguiOperazioneRichiesta.xsd" uri="xsd/ssb/servizi/cbill/FastBankEseguiOperazioneRichiesta.xsd"/>
    <system systemId="file:/home/youthzu/Documents/BGPOINT/Colloqui_Sample_20200714/Schemi/xsd/ssb/servizi/cbill/FastBankCBILLBillerRichiesta.xsd" uri="xsd/ssb/servizi/cbill/FastBankCBILLBillerRichiesta.xsd"/>
    <system systemId="file:/home/youthzu/Documents/BGPOINT/Colloqui_Sample_20200714/Schemi/xsd/ssb/servizi/cbill/FastBankCBILLBillerRisposta.xsd" uri="xsd/ssb/servizi/cbill/FastBankCBILLBillerRisposta.xsd"/>
    <system systemId="file:/home/youthzu/Documents/BGPOINT/Colloqui_Sample_20200714/Schemi/xsd/$cse/dg/$dgNS.xsd" uri="xsd/$cse/dg/$dgNS.xsd"/>
    <system systemId="file:/home/youthzu/Documents/BGPOINT/Colloqui_Sample_20200714/Schemi/xsd/ssb/comuni/addebito.xsd" uri="xsd/ssb/comuni/addebito.xsd"/>
    <system systemId="file:/home/youthzu/Documents/BGPOINT/Colloqui_Sample_20200714/Schemi/xsd/ssb/servizi/cartaservizi/cartaServizi.xsd" uri="xsd/ssb/servizi/cartaservizi/cartaServizi.xsd"/>
    <system systemId="file:/home/youthzu/Documents/BGPOINT/Colloqui_Sample_20200714/Schemi/xsd/ssb/servizi/ricarica/comuni/taglioRicarica.xsd" uri="xsd/ssb/servizi/ricarica/comuni/taglioRicarica.xsd"/>
    <system systemId="file:/home/youthzu/Documents/BGPOINT/Colloqui_Sample_20200714/Schemi/xsd/ssb/servizi/ricarica/prepagatabancaria/taglioLibero.xsd" uri="xsd/ssb/servizi/ricarica/prepagatabancaria/taglioLibero.xsd"/>
    <system systemId="file:/home/youthzu/Documents/BGPOINT/Colloqui_Sample_20200714/Schemi/xsd/ssb/servizi/bollettinipostali/premarcato/FastBankVerificaUtenzaRichiesta.xsd" uri="xsd/ssb/servizi/bollettinipostali/premarcato/FastBankVerificaUtenzaRichiesta.xsd"/>
    <system systemId="file:/home/youthzu/Documents/BGPOINT/Colloqui_Sample_20200714/Schemi/xsd/ssb/servizi/bollettinipostali/bianco/FastBankVerificaUtenzaRichiesta.xsd" uri="xsd/ssb/servizi/bollettinipostali/bianco/FastBankVerificaUtenzaRichiesta.xsd"/>
    <system systemId="file:/home/youthzu/Documents/BGPOINT/Colloqui_Sample_20200714/Schemi/xsd/ssb/servizi/bollettinipostali/bianco/FastBankVerificaUtenzaRisposta.xsd" uri="xsd/ssb/servizi/bollettinipostali/bianco/FastBankVerificaUtenzaRisposta.xsd"/>
    <system systemId="file:/home/youthzu/Documents/BGPOINT/Colloqui_Sample_20200714/Schemi/xsd/ssb/servizi/bollettinipostali/premarcato/FastBankVerificaUtenzaRisposta.xsd" uri="xsd/ssb/servizi/bollettinipostali/premarcato/FastBankVerificaUtenzaRisposta.xsd"/>
    <system systemId="file:/home/youthzu/Documents/BGPOINT/Colloqui_Sample_20200714/Schemi/xsd/ssb/servizi/canoneTV/datiAbbonato.xsd" uri="xsd/ssb/servizi/canoneTV/datiAbbonato.xsd"/>
    <system systemId="file:/home/youthzu/Documents/BGPOINT/Colloqui_Sample_20200714/Schemi/xsd/ssb/servizi/canoneTV/datiAbbonamento.xsd" uri="xsd/ssb/servizi/canoneTV/datiAbbonamento.xsd"/>
    <system systemId="file:/home/youthzu/Documents/BGPOINT/Colloqui_Sample_20200714/Schemi/xsd/ssb/servizi/bolloaci/datiProprietarioVeicolo.xsd" uri="xsd/ssb/servizi/bolloaci/datiProprietarioVeicolo.xsd"/>
    <system systemId="file:/home/youthzu/Documents/BGPOINT/Colloqui_Sample_20200714/Schemi/xsd/ssb/servizi/bolloaci/datiVeicolo.xsd" uri="xsd/ssb/servizi/bolloaci/datiVeicolo.xsd"/>
    <system systemId="file:/home/youthzu/Documents/BGPOINT/Colloqui_Sample_20200714/Schemi/xsd/ssb/servizi/bolloaci/datiBollo.xsd" uri="xsd/ssb/servizi/bolloaci/datiBollo.xsd"/>
    <system systemId="file:/home/youthzu/Documents/BGPOINT/Colloqui_Sample_20200714/Schemi/xsd/ssb/servizi/bolloaci/memorandum.xsd" uri="xsd/ssb/servizi/bolloaci/memorandum.xsd"/>
    <system systemId="file:/home/youthzu/Documents/BGPOINT/Colloqui_Sample_20200714/Schemi/xsd/ssb/servizi/cbill/biller.xsd" uri="xsd/ssb/servizi/cbill/biller.xsd"/>
    <system systemId="file:/home/youthzu/Documents/BGPOINT/Colloqui_Sample_20200714/Schemi/xsd/ssb/servizi/bollettinipostali/datiAntiriciclaggio.xsd" uri="xsd/ssb/servizi/bollettinipostali/datiAntiriciclaggio.xsd"/>
    <system systemId="file:/home/youthzu/Documents/BGPOINT/Colloqui_Sample_20200714/Schemi/xsd/ssb/servizi/cbill/datiBolletta.xsd" uri="xsd/ssb/servizi/cbill/datiBolletta.xsd"/>
</catalog>